x;Hombre;Mujer
Indígena;80.2237371619166;62.5983155951302
No indígena;90.2047715566592;83.7858017459816
