x;Hombre;Mujer
Urbano;93.7149592326472;85.6638604156881
Rural;79.1291836154481;65.5715907235559
