"x";"Hombre";"Mujer"
"Ninguno";9.67432736357872;5.78175603090878
"Preprimaria";0.213679374858;0.15112400955984
"Primaria";29.0208446636759;12.1630999342147
"Básico";8.50371397742719;3.60975015060944
"Diversificado";12.5497209074407;9.14673120113109
"Superior";4.70512610423836;3.85355933062118
"Postgrado";0.249445654333713;0.135592039588316
