"x";"Hombre";"Mujer"
"Ninguno";12.1484312661048;7.04316013058148
"Preprimaria";0.170521811767958;0.0512483565470026
"Primaria";28.0261069478081;12.6893601734498
"Básico";8.98128283150008;4.47277961069946
"Diversificado";11.3318629896054;7.299368526765
"Superior";3.55510016299314;3.70121640561722
"Postgrado";0.359055668068234;0.17050511849221
