x;Hombre;Mujer
Total;2115.0211478106;1994.6967084896
Ninguno;1202.5231504945;763.7971795935
Primaria;1574.9020139553;1176.353214636
Básico;1930.6145795168;1653.4162632485
Diversificado;2814.6611883337;2705.8675074556
Superior;5652.2802857414;3694.7976835856
