x;Hombre;Mujer
Total;2087.3006800429;1968.4079475919
Ninguno;1196.2402658718;758.3663661197
Primaria;1518.5564590156;1144.4968035645
Básico;1906.1655591201;1637.1622791401
Diversificado;2814.6611883337;2705.8675074556
Superior;5652.2802857414;3694.7976835856
