x;Hombre;Mujer
Ninguno;8.96389026848579;6.31760786410562
Preprimaria;2.96350414959075;4.29449262045598
Primaria;16.1432803299438;6.53077549387918
Básico;17.1766541268008;7.54262081918659
