x;Hombre;Mujer
Ninguno;5.48616947091745;6.72298332384996
Preprimaria;1.16044128953815;4.0913467851359
Primaria;85.5771809680476;80.0455201995886
Básico;7.77620827149677;9.14014969142557
